selection_rule,fit_seconds,amex_M,gini_G,capture_D@4pct,roc_auc,pr_auc,n_estimators,num_leaves,learning_rate,min_child_samples,subsample,colsample_bytree,reg_lambda
selected_by_amex_M,47.88438701629639,0.7804666180114321,0.9185503183842496,0.6423829176386148,0.9592757844563198,0.8965914839970117,160,63,0.05,100,0.8,1.0,1.0
selected_by_roc_auc,48.00066375732422,0.7804666180114321,0.9185503183842496,0.6423829176386148,0.9592757844563198,0.8965914839970117,160,63,0.05,100,0.8,1.0,1.0
